Workbook

Sheet Dashboard
A1: AUDIO AMPLIFIER PROJECT WORKBOOK
A2: Live tracker + Gantt + BOM + design calculations
A3: Project window: 19 Jan 2026 to 13 Feb 2026
A5: How to use: Update task dates & % complete in the Gantt sheet. Update purchase/received status in the BOM sheet. Dashboard updates automatically.
A7: Overall progress (%) | B7: =IFERROR(Gantt!$N$4,0) -> 0.1745098
A8: Days remaining | B8: =MAX(0,DATE(2026,2,13)-TODAY()) -> 22
A9: Tasks complete | B9: =Gantt!$N$5 -> 4
A11: Key sign-offs / deliverables (from project guidance)
A12: Deliverable | B12: Planned date | C12: Status | D12: Notes
A13: Final schematic check
A14: Final PCB check
A15: PCB soldering check
A16: Final test & measurement
A17: Final audio check using speaker
A18: Report draft complete
A19: Final report submitted

Sheet Gantt
A1: PROJECT GANTT CHART (LIVE)
A2: Edit Start/End/% Complete — bars update automatically
A3: 19 Jan 2026 to 13 Feb 2026 (weekdays shown)
A4: Overall % (duration-weighted) | M4: =IFERROR(SUMPRODUCT($G$9:$G$200,$H$9:$H$200)/SUM($G$9:$G$200),0) -> 0.1745098 | N4: =M4 -> 0.1745098
A5: Tip: Keep tasks small (1–3 days). Use Status + %Complete. For milestones set Start=End. | L5: Tasks done | M5: =COUNTIF($I$9:$I$200,"Done") -> 4 | N5: =M5 -> 4
A7: ID | B7: Task | C7: Category | D7: Owner | E7: Start | F7: End | G7: Duration (wd) | H7: % Complete | I7: Status | J7: Dependencies | K7: Notes | L7: 46041 | M7: 46042 | N7: 46043 | O7: 46044 | P7: 46045 | Q7: 46048 | R7: 46049 | S7: 46050 | T7: 46051 | U7: 46052 | V7: 46055 | W7: 46056 | X7: 46057 | Y7: 46058 | Z7: 46059 | AA7: 46062 | AB7: 46063 | AC7: 46064 | AD7: 46065 | AE7: 46066
L8: Mon | M8: Tue | N8: Wed | O8: Thu | P8: Fri | Q8: Mon | R8: Tue | S8: Wed | T8: Thu | U8: Fri | V8: Mon | W8: Tue | X8: Wed | Y8: Thu | Z8: Fri | AA8: Mon | AB8: Tue | AC8: Wed | AD8: Thu | AE8: Fri
A9: T01 | B9: Read brief + rubric + set up workbook | C9: Planning | D9: Zac | E9: 46041 | F9: 46041 | G9: =IF(AND(E9<>"",F9<>""),NETWORKDAYS(E9,F9),"") -> 1 | H9: 1 | I9: Done | K9: Set up files / plan
A10: T02 | B10: Week 3 self-study: TL071/OPA551 datasheets + active bandpass videos | C10: Planning | D10: Zac | E10: 46041 | F10: 46042 | G10: =IF(AND(E10<>"",F10<>""),NETWORKDAYS(E10,F10),"") -> 2 | H10: 1 | I10: Done
A11: T03 | B11: Mobile phone characterisation (440 Hz Vpp vs volume) | C11: Measurements | D11: Zac | E11: 46042 | F11: 46043 | G11: =IF(AND(E11<>"",F11<>""),NETWORKDAYS(E11,F11),"") -> 2 | H11: 1 | I11: Done
A12: T04 | B12: Design calculations in Excel (gain, R1/R2, C1/C2, decoupling) | C12: Design | D12: Zac | E12: 46043 | F12: 46045 | G12: =IF(AND(E12<>"",F12<>""),NETWORKDAYS(E12,F12),"") -> 3 | H12: 1 | I12: Done | J12: T03 | K12: Use Design Calculations sheet
A13: T05 | B13: Proteus sim (dual supply): AC sweep + transient @ 440 Hz | C13: Simulation | D13: Zac | E13: 46045 | F13: 46049 | G13: =IF(AND(E13<>"",F13<>""),NETWORKDAYS(E13,F13),"") -> 3 | H13: 0.3 | I13: In Progress | J13: T04 | K13: Capture plots for report
A14: M01 | B14: Sign-off: Final schematic check | C14: Milestone | D14: Zac | E14: 46049 | F14: 46049 | G14: =IF(AND(E14<>"",F14<>""),NETWORKDAYS(E14,F14),"") -> 1 | H14: 0 | I14: Not Started | J14: T05
A15: T06 | B15: Breadboard build (dual supply) + measurements | C15: Lab build/test | D15: Zac | E15: 46050 | F15: 46052 | G15: =IF(AND(E15<>"",F15<>""),NETWORKDAYS(E15,F15),"") -> 3 | H15: 0 | I15: Not Started | J15: M01 | K15: Freq response + gain check
A16: T07 | B16: Single-supply bias design + update schematic | C16: Design | D16: Zac | E16: 46052 | F16: 46055 | G16: =IF(AND(E16<>"",F16<>""),NETWORKDAYS(E16,F16),"") -> 2 | H16: 0 | I16: Not Started | J16: T06 | K16: Bias network + AC coupling
A17: T08 | B17: Proteus sim (single supply): stability + clipping check | C17: Simulation | D17: Zac | E17: 46055 | F17: 46057 | G17: =IF(AND(E17<>"",F17<>""),NETWORKDAYS(E17,F17),"") -> 3 | H17: 0 | I17: Not Started | J17: T07
A18: T09 | B18: Breadboard build (single supply) + measurements | C18: Lab build/test | D18: Zac | E18: 46057 | F18: 46059 | G18: =IF(AND(E18<>"",F18<>""),NETWORKDAYS(E18,F18),"") -> 3 | H18: 0 | I18: Not Started | J18: T08
A19: T10 | B19: Order / collect remaining parts (switch, LED, connectors, speaker/enclosure, power) | C19: Procurement | D19: Zac | E19: 46057 | F19: 46059 | G19: =IF(AND(E19<>"",F19<>""),NETWORKDAYS(E19,F19),"") -> 3 | H19: 0 | I19: Not Started
A20: T11 | B20: PCB layout in Proteus + DRC | C20: PCB | D20: Zac | E20: 46059 | F20: 46063 | G20: =IF(AND(E20<>"",F20<>""),NETWORKDAYS(E20,F20),"") -> 3 | H20: 0 | I20: Not Started | J20: T09 | K20: Include mounting holes
A21: M02 | B21: Sign-off: Final PCB check | C21: Milestone | D21: Zac | E21: 46063 | F21: 46063 | G21: =IF(AND(E21<>"",F21<>""),NETWORKDAYS(E21,F21),"") -> 1 | H21: 0 | I21: Not Started | J21: T11
A22: T12 | B22: PCB manufacture / print / prep (depends on process) | C22: PCB | D22: Zac | E22: 46063 | F22: 46065 | G22: =IF(AND(E22<>"",F22<>""),NETWORKDAYS(E22,F22),"") -> 3 | H22: 0 | I22: Not Started | J22: M02
A23: M03 | B23: Sign-off: PCB soldering check | C23: Milestone | D23: Zac | E23: 46065 | F23: 46065 | G23: =IF(AND(E23<>"",F23<>""),NETWORKDAYS(E23,F23),"") -> 1 | H23: 0 | I23: Not Started | J23: T12
A24: T13 | B24: Final assembly on base plate + wiring tidy + strain relief | C24: Assembly | D24: Zac | E24: 46065 | F24: 46066 | G24: =IF(AND(E24<>"",F24<>""),NETWORKDAYS(E24,F24),"") -> 2 | H24: 0 | I24: Not Started | J24: M03
A25: M04 | B25: Sign-off: Final test & measurement | C25: Milestone | D25: Zac | E25: 46066 | F25: 46066 | G25: =IF(AND(E25<>"",F25<>""),NETWORKDAYS(E25,F25),"") -> 1 | H25: 0 | I25: Not Started | J25: T13
A26: M05 | B26: Sign-off: Final audio check using speaker | C26: Milestone | D26: Zac | E26: 46066 | F26: 46066 | G26: =IF(AND(E26<>"",F26<>""),NETWORKDAYS(E26,F26),"") -> 1 | H26: 0 | I26: Not Started | J26: M04
A27: T14 | B27: Report writing: screenshots, plots, BOM, reflection | C27: Report | D27: Zac | E27: 46050 | F27: 46066 | G27: =IF(AND(E27<>"",F27<>""),NETWORKDAYS(E27,F27),"") -> 13 | H27: 0 | I27: Not Started | K27: Keep within 15 pages

Sheet BOM
A1: BILL OF MATERIALS (BOM)
A2: Includes university-provided and recommended purchased items
A3: Update Qty, Provided?, Status, Supplier, and Cost
A5: Tip: Mark Provided by Uni = Yes for items you collect from stock. Use Status to track buying. Total cost updates automatically.
A7: Category | B7: Component / Item | C7: Specification / Value | D7: Qty | E7: Provided by Uni? | F7: Supplier | G7: Part No / Link | H7: Unit Cost | I7: Total Cost | J7: Priority | K7: Status | L7: Notes
A8: ICs | B8: TL071 op-amp | C8: DIP-8 (TL071CP equivalent) | D8: 1 | E8: Yes | J8: High | K8: To Get | L8: Required for summing + band-pass
A9: ICs | B9: OPA551 power op-amp | C9: DIP-8 (OPA551PA equivalent) | D9: 1 | E9: Yes | J9: High | K9: To Get | L9: Required for speaker drive
A10: Resistors | B10: R1 (feedback) | C10: 82 kΩ (MF25_82k) | D10: 1 | E10: Yes | J10: High | K10: To Get | L10: From design calculations
A11: Resistors | B11: R2 (gain set) | C11: 24 kΩ (MF25_24k) | D11: 1 | E11: Yes | J11: High | K11: To Get | L11: From design calculations
A12: Resistors | B12: Stereo summing resistors (L & R) | C12: 10 kΩ (typical) — confirm in schematic | D12: 2 | E12: Yes | J12: High | K12: To Get | L12: Stops L/R outputs fighting
A13: Resistors | B13: Bias network resistors | C13: 2× 47 kΩ (typical) — confirm | D13: 2 | E13: Yes | J13: Med | K13: To Get | L13: For mid-supply reference
A14: Capacitors | B14: C1 (upper cut-off) | C14: 68 pF ceramic (CER_68P) | D14: 1 | E14: Yes | I14: =IFERROR(H14*D14,"") | J14: High | K14: To Get | L14: From design calculations
A15: Capacitors | B15: C2 (lower cut-off) | C15: 1 µF electrolytic (ELEC_1U) | D15: 1 | E15: Yes | I15: =IFERROR(H15*D15,"") | J15: High | K15: To Get | L15: From design calculations
A16: Capacitors | B16: Input coupling capacitor | C16: 1–10 µF electrolytic — confirm | D16: 1 | E16: Yes | I16: =IFERROR(H16*D16,"") | J16: Med | K16: To Get | L16: Blocks DC into bias point
A17: Capacitors | B17: Decoupling caps | C17: 100 nF (POLY_100N) | D17: 4 | E17: Yes | I17: =IFERROR(H17*D17,"") | J17: High | K17: To Get | L17: +V and -V for TL071 & OPA551
A18: Capacitors | B18: Bulk decoupling caps | C18: 10 µF (ELEC_10U) | D18: 2 | E18: Yes | I18: =IFERROR(H18*D18,"") | J18: Med | K18: To Get | L18: Near OPA551 supply pins
A19: Connectors | B19: 3.5 mm stereo input jack | C19: Panel mount TRS (stereo) | D19: 1 | E19: No | I19: =IFERROR(H19*D19,"") | J19: High | K19: To Buy | L19: Phone input
A20: Power | B20: 9 V PP3 battery | C20: Alkaline | D20: 1 | E20: No | I20: =IFERROR(H20*D20,"") | J20: Med | K20: To Buy | L20: If using battery power
A21: Power | B21: 9 V PP3 battery clip/holder | C21: Leads or panel holder | D21: 1 | E21: No | I21: =IFERROR(H21*D21,"") | J21: Med | K21: To Buy
A22: Power | B22: 12 V DC adapter | C22: Regulated, centre-positive (suggest 1 A) | D22: 1 | E22: No | I22: =IFERROR(H22*D22,"") | J22: Med | K22: To Buy | L22: If using DC supply
A23: Power | B23: DC barrel jack | C23: Panel mount, matches adapter | D23: 1 | E23: No | I23: =IFERROR(H23*D23,"") | J23: Med | K23: To Buy
A24: UI | B24: On/off switch | C24: Toggle/rocker/slide, rated ≥1 A | D24: 1 | E24: No | I24: =IFERROR(H24*D24,"") | J24: High | K24: To Buy | L24: Required by brief
A25: UI | B25: Power indicator LED | C25: 5 mm (any colour) + bezel | D25: 1 | E25: No | I25: =IFERROR(H25*D25,"") | J25: High | K25: To Buy | L25: Required by brief
A26: Resistors | B26: LED resistor | C26: ~1 kΩ (depends on LED + supply) | D26: 1 | E26: Yes | I26: =IFERROR(H26*D26,"") | J26: High | K26: To Get | L26: Set after choosing supply voltage
A27: Audio | B27: Speaker | C27: 8 Ω, 3–5 W (recommended) | D27: 1 | E27: No | I27: =IFERROR(H27*D27,"") | J27: High | K27: To Buy | L27: Better sound and safer load
A28: Audio | B28: Speaker enclosure (optional) | C28: Small box or ready-made enclosure | D28: 1 | E28: No | I28: =IFERROR(H28*D28,"") | J28: Low | K28: Optional | L28: Improves audio a lot
A29: Build | B29: Base plate / mounting | C29: Uni-provided base mount + standoffs | D29: 1 | E29: Yes | I29: =IFERROR(H29*D29,"") | J29: High | K29: To Get | L29: Must mount securely
A30: Build | B30: Hook-up wire | C30: Solid core + stranded | D30: 1 | E30: No | I30: =IFERROR(H30*D30,"") | J30: Med | K30: To Buy
A31: Build | B31: Heatshrink + cable ties | C31: Assorted | D31: 1 | E31: No | I31: =IFERROR(H31*D31,"") | J31: Low | K31: Optional | L31: Neatness + strain relief
A32: Build | B32: Screws + standoffs | C32: M3 assorted kit | D32: 1 | E32: No | I32: =IFERROR(H32*D32,"") | J32: Low | K32: Optional | L32: Secure mounting
A33: Build | B33: Terminal block / speaker connector | C33: 2-way | D33: 1 | E33: No | I33: =IFERROR(H33*D33,"") | J33: Low | K33: Optional | L33: Easier assembly
A34: Thermal | B34: Small heatsink (optional) | C34: Clip-on for DIP-8 or aluminium tab sink | D34: 1 | E34: No | I34: =IFERROR(H34*D34,"") | J34: Low | K34: Optional | L34: If OPA551 runs warm
A36: Estimated total cost | H36: Total | I36: =SUM(I8:I34) -> 0

Sheet Report Breakdown
A1: REPORT BREAKDOWN (Parts B, D, E)
A2: Mapping to report sections + build/marking checklist + ordering placeholder
A3: Use: Copy/paste into report planning. Update if your design changes.
A5: Tip: This sheet is static notes/checklists. Your live schedule is in the Gantt sheet. Your parts list is in the BOM sheet.
A7: B - Map each requirement to report sections
B9: Brief requirement | C9: Where I cover it in my report
B10: Power requirement (9 V or 12 V) | C10: Power supply design and biasing strategy, decoupling
B11: Base plate mounting | C11: Mechanical construction, photos, safety and wiring
B12: On/off switch and power LED | C12: User interface, schematic snippet, LED resistor choice
B13: TL071 summing and filtering | C13: Signal processing stage, calculations, frequency response plot
B14: OPA551 speaker driver | C14: Power stage design, load considerations, output swing checks
B15: University provided components | C15: Bill of materials, stock part selection
B16: Reuse and sustainability | C16: Design considerations and sustainability notes
B17: Keep device after marking | C17: Conclusion, reflection, portfolio value
A20: D - Build and marking checklist
B22: Electrical
B23: • | C23: Stereo inputs summed safely (L + R) using resistors into the TL071 summing node
B24: • | C24: Active band-pass filter meets my target cut-offs after rounding to stock parts
B25: • | C25: Mid-band gain meets target output without clipping
B26: • | C26: OPA551 configured to provide current drive into an 8 Ω speaker load
B27: • | C27: Power supply decoupling fitted close to IC pins
B29: Mechanical
B30: • | C30: PCB or board securely fixed to the base plate
B31: • | C31: Speaker securely fixed and wired safely
B32: • | C32: Battery holder or DC jack securely fixed
B33: • | C33: Wiring tidy, strain relieved, and labelled where needed
B35: User
B36: • | C36: On/off switch is accessible and clearly labelled
B37: • | C37: Power LED is visible and current limited
B39: Documentation
B40: • | C40: Excel sheets saved and referenced
B41: • | C41: Proteus plots and screenshots captured
B42: • | C42: Photos taken at key build stages
B43: • | C43: Final block diagram included
A45: E - Items I might need to order (placeholder)
A46: I will fill this after deciding my final build choices. Typical items include: power option (battery holder or DC adapter), switch, LED parts, speaker, and enclosure hardware. See the BOM sheet to track ordering.

Sheet MB Phone Characterisation
A3: Volume (Steps 1-16) | B3: Vpp(440Hz) | C3: Vpp(440Hz) - Simplified [V] | D3: Abs diff to 70% target | E3: 70% Point (Step) | F3: 70% Target Vpp [V] | G3: Chosen step Vpp [V] | H3: Error (Chosen - Target) [V] | I3: % Error | K3: Source and test conditions | N3: X (70% line and chosen point) | O3: Y [V] (70% line and chosen point)
A4: 1 | B4: 48.00mV | C4: =IF(RIGHT(TRIM(B4),2)="mV",VALUE(LEFT(TRIM(B4),LEN(TRIM(B4))-2))/1000,IF(RIGHT(TRIM(B4),1)="V",VALUE(LEFT(TRIM(B4),LEN(TRIM(B4))-1)),"")) -> 0.048 | D4: =ABS(C4-$F$4) -> 0.8088 | E4: =INDEX($A$4:$A$19, MATCH(MIN($D$4:$D$19), $D$4:$D$19, 0)) -> 15 | F4: =0.7*MAX($C$4:$C$19) -> 0.8568 | G4: =INDEX($C$4:$C$19, MATCH($E$4, $A$4:$A$19, 0)) -> 0.872 | H4: =G4-F4 -> 0.0152 | I4: =(G4-F4)/F4 -> 0.01774043 | K4: Source device | L4: iPhone 14 Pro Max | N4: 1 | O4: =$F$4 -> 0.8568
A5: 2 | B5: 48.00mV | C5: =IF(RIGHT(TRIM(B5),2)="mV",VALUE(LEFT(TRIM(B5),LEN(TRIM(B5))-2))/1000,IF(RIGHT(TRIM(B5),1)="V",VALUE(LEFT(TRIM(B5),LEN(TRIM(B5))-1)),"")) -> 0.048 | D5: =ABS(C5-$F$4) -> 0.8088 | K5: Test tone frequency [Hz] | L5: 440 | N5: 16 | O5: =$F$4 -> 0.8568
A6: 3 | B6: 48.00mV | C6: =IF(RIGHT(TRIM(B6),2)="mV",VALUE(LEFT(TRIM(B6),LEN(TRIM(B6))-2))/1000,IF(RIGHT(TRIM(B6),1)="V",VALUE(LEFT(TRIM(B6),LEN(TRIM(B6))-1)),"")) -> 0.048 | D6: =ABS(C6-$F$4) -> 0.8088 | K6: Volume scale | L6: Steps 1 to 16
A7: 4 | B7: 48.00mV | C7: =IF(RIGHT(TRIM(B7),2)="mV",VALUE(LEFT(TRIM(B7),LEN(TRIM(B7))-2))/1000,IF(RIGHT(TRIM(B7),1)="V",VALUE(LEFT(TRIM(B7),LEN(TRIM(B7))-1)),"")) -> 0.048 | D7: =ABS(C7-$F$4) -> 0.8088 | K7: Chosen design point | L7: 70% of max Vpp | N7: =$E$4 -> 15 | O7: =$G$4 -> 0.872
A8: 5 | B8: 48.00mV | C8: =IF(RIGHT(TRIM(B8),2)="mV",VALUE(LEFT(TRIM(B8),LEN(TRIM(B8))-2))/1000,IF(RIGHT(TRIM(B8),1)="V",VALUE(LEFT(TRIM(B8),LEN(TRIM(B8))-1)),"")) -> 0.048 | D8: =ABS(C8-$F$4) -> 0.8088 | K8: Max measured Vpp [V] | L8: =MAX($C$4:$C$19) -> 1.224
A9: 6 | B9: 48.00mV | C9: =IF(RIGHT(TRIM(B9),2)="mV",VALUE(LEFT(TRIM(B9),LEN(TRIM(B9))-2))/1000,IF(RIGHT(TRIM(B9),1)="V",VALUE(LEFT(TRIM(B9),LEN(TRIM(B9))-1)),"")) -> 0.048 | D9: =ABS(C9-$F$4) -> 0.8088 | K9: 70% target Vpp [V] | L9: =$F$4 -> 0.8568
A10: 7 | B10: 56.00mV | C10: =IF(RIGHT(TRIM(B10),2)="mV",VALUE(LEFT(TRIM(B10),LEN(TRIM(B10))-2))/1000,IF(RIGHT(TRIM(B10),1)="V",VALUE(LEFT(TRIM(B10),LEN(TRIM(B10))-1)),"")) -> 0.056 | D10: =ABS(C10-$F$4) -> 0.8008 | K10: Closest volume step / Chosen design volume setting | L10: ="Step "&$E$4 -> Step 15
A11: 8 | B11: 72.00mV | C11: =IF(RIGHT(TRIM(B11),2)="mV",VALUE(LEFT(TRIM(B11),LEN(TRIM(B11))-2))/1000,IF(RIGHT(TRIM(B11),1)="V",VALUE(LEFT(TRIM(B11),LEN(TRIM(B11))-1)),"")) -> 0.072 | D11: =ABS(C11-$F$4) -> 0.7848 | K11: Chosen step Vpp [V] | L11: =$G$4 -> 0.872
A12: 9 | B12: 104.0mV | C12: =IF(RIGHT(TRIM(B12),2)="mV",VALUE(LEFT(TRIM(B12),LEN(TRIM(B12))-2))/1000,IF(RIGHT(TRIM(B12),1)="V",VALUE(LEFT(TRIM(B12),LEN(TRIM(B12))-1)),"")) -> 0.104 | D12: =ABS(C12-$F$4) -> 0.7528 | K12: Error (Chosen - Target) [V] | L12: =$H$4 -> 0.0152
A13: 10 | B13: 152.0mV | C13: =IF(RIGHT(TRIM(B13),2)="mV",VALUE(LEFT(TRIM(B13),LEN(TRIM(B13))-2))/1000,IF(RIGHT(TRIM(B13),1)="V",VALUE(LEFT(TRIM(B13),LEN(TRIM(B13))-1)),"")) -> 0.152 | D13: =ABS(C13-$F$4) -> 0.7048 | K13: Percent error | L13: =$I$4 -> 0.01774043
A14: 11 | B14: 208.0mV | C14: =IF(RIGHT(TRIM(B14),2)="mV",VALUE(LEFT(TRIM(B14),LEN(TRIM(B14))-2))/1000,IF(RIGHT(TRIM(B14),1)="V",VALUE(LEFT(TRIM(B14),LEN(TRIM(B14))-1)),"")) -> 0.208 | D14: =ABS(C14-$F$4) -> 0.6488 | K14: Chosen step Vrms [V] | L14: =$G$4/(2*SQRT(2)) -> 0.30829856
A15: 12 | B15: 320.0mV | C15: =IF(RIGHT(TRIM(B15),2)="mV",VALUE(LEFT(TRIM(B15),LEN(TRIM(B15))-2))/1000,IF(RIGHT(TRIM(B15),1)="V",VALUE(LEFT(TRIM(B15),LEN(TRIM(B15))-1)),"")) -> 0.32 | D15: =ABS(C15-$F$4) -> 0.5368 | K15: Vin (chosen step) Vpp [V] | L15: =$G$4 -> 0.872
A16: 13 | B16: 448.0mV | C16: =IF(RIGHT(TRIM(B16),2)="mV",VALUE(LEFT(TRIM(B16),LEN(TRIM(B16))-2))/1000,IF(RIGHT(TRIM(B16),1)="V",VALUE(LEFT(TRIM(B16),LEN(TRIM(B16))-1)),"")) -> 0.448 | D16: =ABS(C16-$F$4) -> 0.4088 | K16: Vin (chosen step) Vrms [V] | L16: =$L$14 -> 0.30829856
A17: 14 | B17: 624.0mV | C17: =IF(RIGHT(TRIM(B17),2)="mV",VALUE(LEFT(TRIM(B17),LEN(TRIM(B17))-2))/1000,IF(RIGHT(TRIM(B17),1)="V",VALUE(LEFT(TRIM(B17),LEN(TRIM(B17))-1)),"")) -> 0.624 | D17: =ABS(C17-$F$4) -> 0.2328
A18: 15 | B18: 872.0mV | C18: =IF(RIGHT(TRIM(B18),2)="mV",VALUE(LEFT(TRIM(B18),LEN(TRIM(B18))-2))/1000,IF(RIGHT(TRIM(B18),1)="V",VALUE(LEFT(TRIM(B18),LEN(TRIM(B18))-1)),"")) -> 0.872 | D18: =ABS(C18-$F$4) -> 0.0152
A19: 16 | B19: 1.224V | C19: =IF(RIGHT(TRIM(B19),2)="mV",VALUE(LEFT(TRIM(B19),LEN(TRIM(B19))-2))/1000,IF(RIGHT(TRIM(B19),1)="V",VALUE(LEFT(TRIM(B19),LEN(TRIM(B19))-1)),"")) -> 1.224 | D19: =ABS(C19-$F$4) -> 0.3672

Sheet Design Calculations
A1: Names / Parameters | B1: Values | C1: Units | D1: Real component name (Proteus Aston name)
A2: Phone input values (rows 3–6)
A3: Max phone Vpp | B3: ='MB Phone Characterisation'!L8 -> 1.224 | C3: V
A4: 0.7 phone Vpp target | B4: =0.7*B3 -> 0.8568 | C4: V
A5: Chosen design Vin Vpp | B5: ='MB Phone Characterisation'!L15 -> 0.872 | C5: V
A6: Chosen design Vin Vrms | B6: ='MB Phone Characterisation'!L16 -> 0.30829856 | C6: V
A7: Gain / resistor results (rows 8–16)
A8: Target Vout Vpp (spec) | B8: 3 | C8: V
A9: Required gain (V/V) | B9: =B8/B5 -> 3.440367 | C9: V/V
A10: Required gain (dB) | B10: =20*LOG10(B9) -> 10.732095 | C10: dB
A12: R1 (given feedback) | B12: 82000 | C12: Ohms | D12: MF25_82k
A13: R2 calculated (input) | B13: =B12/B9 -> 23834.667 | C13: Ohms
A14: R2 rounded (chosen) | B14: 24000 | C14: Ohms | D14: MF25_24k
A15: Actual gain (using rounded R2) | B15: =B12/B14 -> 3.4166667 | C15: V/V
A16: Actual gain (dB) | B16: =20*LOG10(B15) -> 10.672052 | C16: dB
A17: Lower cut-off section (rows 18–21)
A18: Lower cut-off frequency fl (given) | B18: 5 | C18: Hz
A19: C2 calculated | B19: =1/(2*PI()*B14*B18) -> 1.3262912e-06 | C19: F
A20: C2 rounded (chosen) | B20: 1e-06 | C20: F | D20: ELEC_1U
A21: Actual fl | B21: =1/(2*PI()*B14*B20) -> 6.631456 | C21: Hz
A22: Upper cut-off section (rows 23–26)
A23: Upper cut-off frequency fu (chosen) | B23: 29000 | C23: Hz
A24: C1 calculated | B24: =1/(2*PI()*$B$12*B23) -> 6.6928067e-11 | C24: F
A25: C1 rounded (chosen) | B25: 6.8e-11 | C25: F | D25: CER_68P
A26: Actual fu | B26: =1/(2*PI()*$B$12*$B$25) -> 28542.852 | C26: Hz
A27: Decoupling caps (rows 28–35)
A28: C+ decouple (TL071 +V to 0V) | B28: 1e-07 | C28: F | D28: POLY_100N
A29: C- decouple (TL071 -V to 0V) | B29: 1e-07 | C29: F | D29: POLY_100N
A31: OPA551 decouple +V to 0V | B31: 1e-07 | C31: F | D31: POLY_100N
A32: OPA551 decouple -V to 0V | B32: 1e-07 | C32: F | D32: POLY_100N
A34: OPA551 bulk +V to 0V | B34: 1e-05 | C34: F | D34: ELEC_10U
A35: OPA551 bulk -V to 0V | B35: 1e-05 | C35: F | D35: ELEC_10U

Sheet Play ground 
