Workbook
Name BOMStatusList: _Lists!$E$2:$E$6
Name GlobalStatusList: _Lists!$A$2:$A$6
Name GlobalStatusPct: _Lists!$A$2:$B$6
Name PriorityList: _Lists!$K$2:$K$4
Name YesNoList: _Lists!$H$2:$H$3

Sheet DASHBOARD
A1: AUDIO AMPLIFIER PROJECT CONTROL WORKBOOK
A2: Live project dashboard • Gantt schedule • BOM tracker • Report breakdown • Notes
A3: Project window: 19 Jan 2026 – 20 Feb 2026 (weekdays, 5 weeks)
A5: Overall project status | B5: Not Started | D5: Weights (editable) | E5: Engineering | F5: 0.55 | G5: Normalized | H5: Eng | I5: Rep | J5: BOM
A6: Overall % complete | B6: =ROUND(($B$8*$H$6+$B$9*$I$6+$B$10*$J$6),4) -> #VALUE! | D6: Sum | E6: Report | F6: 0.35 | G6: (auto) | H6: =IFERROR($F$5/SUM($F$5:$F$7),0) -> 0.55 | I6: =IFERROR($F$6/SUM($F$5:$F$7),0) -> 0.35 | J6: =IFERROR($F$7/SUM($F$5:$F$7),0) -> 0.1
A7: Days remaining | B7: =MAX(0,DATE(2026,2,20)-TODAY()) -> 29 | E7: BOM | F7: 0.1
A8: Engineering (Gantt) % | B8: =IFERROR(GANTT!$F$3,0) -> 0.041666667 | E8: Total | F8: =SUM($F$5:$F$7) -> 1
A9: Report % | B9: =IFERROR('REPORT BREAKDOWN'!$H$3,0) -> 0
A10: BOM received % | B10: =IFERROR(BOM!$K$5,0) -> To Buy
A12: KEY SIGN-OFFS / DELIVERABLES | H12: Tasks by Status | L12: BOM Completion
A13: Deliverable | B13: Status | C13: Manual % (optional) | D13: % Complete (auto) | E13: Notes | F13: Planned date | H13: Status | I13: Count | L13: Category | M13: Count
A14: Final schematic check | B14: Not Started | D14: =IF(ISNUMBER($C14),$C14/100,IFERROR(VLOOKUP($B14,_Lists!$A$2:$B$6,2,FALSE)/100,0)) -> 0 | F14: 46052 | H14: Not Started | I14: =COUNTIF(GANTT!$E$7:$E$200,"Not Started") -> 23 | L14: Received | M14: =COUNTIF(BOM!$E$7:$E$200,"Received") -> 5
A15: Final PCB check | B15: Not Started | D15: =IF(ISNUMBER($C15),$C15/100,IFERROR(VLOOKUP($B15,_Lists!$A$2:$B$6,2,FALSE)/100,0)) -> 0 | F15: 46056 | H15: In Progress | I15: =COUNTIF(GANTT!$E$7:$E$200,"In Progress") -> 0 | L15: Not received | M15: =COUNTIF(BOM!$E$7:$E$200,"<>Received")-COUNTIF(BOM!$E$7:$E$200,"") -> 10
A16: PCB soldering check | B16: Not Started | D16: =IF(ISNUMBER($C16),$C16/100,IFERROR(VLOOKUP($B16,_Lists!$A$2:$B$6,2,FALSE)/100,0)) -> 0 | F16: 46062 | H16: Done | I16: =COUNTIF(GANTT!$E$7:$E$200,"Done") -> 1
A17: Final test & measurement | B17: Not Started | D17: =IF(ISNUMBER($C17),$C17/100,IFERROR(VLOOKUP($B17,_Lists!$A$2:$B$6,2,FALSE)/100,0)) -> 0 | F17: 46066 | H17: Blocked | I17: =COUNTIF(GANTT!$E$7:$E$200,"Blocked") -> 0 | L17: Overall | M17: Value
A18: Final audio check (speaker) | B18: Not Started | D18: =IF(ISNUMBER($C18),$C18/100,IFERROR(VLOOKUP($B18,_Lists!$A$2:$B$6,2,FALSE)/100,0)) -> 0 | F18: 46069 | H18: Optional | I18: =COUNTIF(GANTT!$E$7:$E$200,"Optional") -> 1 | L18: Complete | M18: =B6 -> #VALUE!
A19: Report draft complete | B19: Not Started | D19: =IF(ISNUMBER($C19),$C19/100,IFERROR(VLOOKUP($B19,_Lists!$A$2:$B$6,2,FALSE)/100,0)) -> 0 | F19: 46071 | L19: Remaining | M19: =1-M18 -> #VALUE!
A20: Final report submitted | B20: Not Started | D20: =IF(ISNUMBER($C20),$C20/100,IFERROR(VLOOKUP($B20,_Lists!$A$2:$B$6,2,FALSE)/100,0)) -> 0 | F20: 46073 | H20: Progress over time (by planned end date)
H21: Date | I21: Planned % | J21: Actual %
H22: 46041 | I22: =IF($H22="","",IFERROR(COUNTIFS(GANTT!$C$7:$C$200,"<="&$H22,GANTT!$E$7:$E$200,"<>Optional",GANTT!$A$7:$A$200,"<>")/MAX(1,COUNTIFS(GANTT!$E$7:$E$200,"<>Optional",GANTT!$A$7:$A$200,"<>")),0)) -> 0.041666667 | J22: =IF($H22="","",IFERROR(COUNTIFS(GANTT!$C$7:$C$200,"<="&$H22,GANTT!$E$7:$E$200,"Done",GANTT!$A$7:$A$200,"<>")/MAX(1,COUNTIFS(GANTT!$E$7:$E$200,"<>Optional",GANTT!$A$7:$A$200,"<>")),0)) -> 0.041666667
H23: 46042 | I23: =IF($H23="","",IFERROR(COUNTIFS(GANTT!$C$7:$C$200,"<="&$H23,GANTT!$E$7:$E$200,"<>Optional",GANTT!$A$7:$A$200,"<>")/MAX(1,COUNTIFS(GANTT!$E$7:$E$200,"<>Optional",GANTT!$A$7:$A$200,"<>")),0)) -> 0.083333333 | J23: =IF($H23="","",IFERROR(COUNTIFS(GANTT!$C$7:$C$200,"<="&$H23,GANTT!$E$7:$E$200,"Done",GANTT!$A$7:$A$200,"<>")/MAX(1,COUNTIFS(GANTT!$E$7:$E$200,"<>Optional",GANTT!$A$7:$A$200,"<>")),0)) -> 0.041666667
H24: 46043 | I24: =IF($H24="","",IFERROR(COUNTIFS(GANTT!$C$7:$C$200,"<="&$H24,GANTT!$E$7:$E$200,"<>Optional",GANTT!$A$7:$A$200,"<>")/MAX(1,COUNTIFS(GANTT!$E$7:$E$200,"<>Optional",GANTT!$A$7:$A$200,"<>")),0)) -> 0.125 | J24: =IF($H24="","",IFERROR(COUNTIFS(GANTT!$C$7:$C$200,"<="&$H24,GANTT!$E$7:$E$200,"Done",GANTT!$A$7:$A$200,"<>")/MAX(1,COUNTIFS(GANTT!$E$7:$E$200,"<>Optional",GANTT!$A$7:$A$200,"<>")),0)) -> 0.041666667
H25: 46044 | I25: =IF($H25="","",IFERROR(COUNTIFS(GANTT!$C$7:$C$200,"<="&$H25,GANTT!$E$7:$E$200,"<>Optional",GANTT!$A$7:$A$200,"<>")/MAX(1,COUNTIFS(GANTT!$E$7:$E$200,"<>Optional",GANTT!$A$7:$A$200,"<>")),0)) -> 0.16666667 | J25: =IF($H25="","",IFERROR(COUNTIFS(GANTT!$C$7:$C$200,"<="&$H25,GANTT!$E$7:$E$200,"Done",GANTT!$A$7:$A$200,"<>")/MAX(1,COUNTIFS(GANTT!$E$7:$E$200,"<>Optional",GANTT!$A$7:$A$200,"<>")),0)) -> 0.041666667
H26: 46045 | I26: =IF($H26="","",IFERROR(COUNTIFS(GANTT!$C$7:$C$200,"<="&$H26,GANTT!$E$7:$E$200,"<>Optional",GANTT!$A$7:$A$200,"<>")/MAX(1,COUNTIFS(GANTT!$E$7:$E$200,"<>Optional",GANTT!$A$7:$A$200,"<>")),0)) -> 0.20833333 | J26: =IF($H26="","",IFERROR(COUNTIFS(GANTT!$C$7:$C$200,"<="&$H26,GANTT!$E$7:$E$200,"Done",GANTT!$A$7:$A$200,"<>")/MAX(1,COUNTIFS(GANTT!$E$7:$E$200,"<>Optional",GANTT!$A$7:$A$200,"<>")),0)) -> 0.041666667
H27: 46048 | I27: =IF($H27="","",IFERROR(COUNTIFS(GANTT!$C$7:$C$200,"<="&$H27,GANTT!$E$7:$E$200,"<>Optional",GANTT!$A$7:$A$200,"<>")/MAX(1,COUNTIFS(GANTT!$E$7:$E$200,"<>Optional",GANTT!$A$7:$A$200,"<>")),0)) -> 0.25 | J27: =IF($H27="","",IFERROR(COUNTIFS(GANTT!$C$7:$C$200,"<="&$H27,GANTT!$E$7:$E$200,"Done",GANTT!$A$7:$A$200,"<>")/MAX(1,COUNTIFS(GANTT!$E$7:$E$200,"<>Optional",GANTT!$A$7:$A$200,"<>")),0)) -> 0.041666667
H28: 46049 | I28: =IF($H28="","",IFERROR(COUNTIFS(GANTT!$C$7:$C$200,"<="&$H28,GANTT!$E$7:$E$200,"<>Optional",GANTT!$A$7:$A$200,"<>")/MAX(1,COUNTIFS(GANTT!$E$7:$E$200,"<>Optional",GANTT!$A$7:$A$200,"<>")),0)) -> 0.25 | J28: =IF($H28="","",IFERROR(COUNTIFS(GANTT!$C$7:$C$200,"<="&$H28,GANTT!$E$7:$E$200,"Done",GANTT!$A$7:$A$200,"<>")/MAX(1,COUNTIFS(GANTT!$E$7:$E$200,"<>Optional",GANTT!$A$7:$A$200,"<>")),0)) -> 0.041666667
H29: 46050 | I29: =IF($H29="","",IFERROR(COUNTIFS(GANTT!$C$7:$C$200,"<="&$H29,GANTT!$E$7:$E$200,"<>Optional",GANTT!$A$7:$A$200,"<>")/MAX(1,COUNTIFS(GANTT!$E$7:$E$200,"<>Optional",GANTT!$A$7:$A$200,"<>")),0)) -> 0.29166667 | J29: =IF($H29="","",IFERROR(COUNTIFS(GANTT!$C$7:$C$200,"<="&$H29,GANTT!$E$7:$E$200,"Done",GANTT!$A$7:$A$200,"<>")/MAX(1,COUNTIFS(GANTT!$E$7:$E$200,"<>Optional",GANTT!$A$7:$A$200,"<>")),0)) -> 0.041666667
H30: 46051 | I30: =IF($H30="","",IFERROR(COUNTIFS(GANTT!$C$7:$C$200,"<="&$H30,GANTT!$E$7:$E$200,"<>Optional",GANTT!$A$7:$A$200,"<>")/MAX(1,COUNTIFS(GANTT!$E$7:$E$200,"<>Optional",GANTT!$A$7:$A$200,"<>")),0)) -> 0.29166667 | J30: =IF($H30="","",IFERROR(COUNTIFS(GANTT!$C$7:$C$200,"<="&$H30,GANTT!$E$7:$E$200,"Done",GANTT!$A$7:$A$200,"<>")/MAX(1,COUNTIFS(GANTT!$E$7:$E$200,"<>Optional",GANTT!$A$7:$A$200,"<>")),0)) -> 0.041666667
H31: 46052 | I31: =IF($H31="","",IFERROR(COUNTIFS(GANTT!$C$7:$C$200,"<="&$H31,GANTT!$E$7:$E$200,"<>Optional",GANTT!$A$7:$A$200,"<>")/MAX(1,COUNTIFS(GANTT!$E$7:$E$200,"<>Optional",GANTT!$A$7:$A$200,"<>")),0)) -> 0.33333333 | J31: =IF($H31="","",IFERROR(COUNTIFS(GANTT!$C$7:$C$200,"<="&$H31,GANTT!$E$7:$E$200,"Done",GANTT!$A$7:$A$200,"<>")/MAX(1,COUNTIFS(GANTT!$E$7:$E$200,"<>Optional",GANTT!$A$7:$A$200,"<>")),0)) -> 0.041666667
H32: 46055 | I32: =IF($H32="","",IFERROR(COUNTIFS(GANTT!$C$7:$C$200,"<="&$H32,GANTT!$E$7:$E$200,"<>Optional",GANTT!$A$7:$A$200,"<>")/MAX(1,COUNTIFS(GANTT!$E$7:$E$200,"<>Optional",GANTT!$A$7:$A$200,"<>")),0)) -> 0.375 | J32: =IF($H32="","",IFERROR(COUNTIFS(GANTT!$C$7:$C$200,"<="&$H32,GANTT!$E$7:$E$200,"Done",GANTT!$A$7:$A$200,"<>")/MAX(1,COUNTIFS(GANTT!$E$7:$E$200,"<>Optional",GANTT!$A$7:$A$200,"<>")),0)) -> 0.041666667
H33: 46056 | I33: =IF($H33="","",IFERROR(COUNTIFS(GANTT!$C$7:$C$200,"<="&$H33,GANTT!$E$7:$E$200,"<>Optional",GANTT!$A$7:$A$200,"<>")/MAX(1,COUNTIFS(GANTT!$E$7:$E$200,"<>Optional",GANTT!$A$7:$A$200,"<>")),0)) -> 0.41666667 | J33: =IF($H33="","",IFERROR(COUNTIFS(GANTT!$C$7:$C$200,"<="&$H33,GANTT!$E$7:$E$200,"Done",GANTT!$A$7:$A$200,"<>")/MAX(1,COUNTIFS(GANTT!$E$7:$E$200,"<>Optional",GANTT!$A$7:$A$200,"<>")),0)) -> 0.041666667
... H46: 46073 | I46: =IF($H46="","",IFERROR(COUNTIFS(GANTT!$C$7:$C$200,"<="&$H46,GANTT!$E$7:$E$200,"<>Optional",GANTT!$A$7:$A$200,"<>")/MAX(1,COUNTIFS(GANTT!$E$7:$E$200,"<>Optional",GANTT!$A$7:$A$200,"<>")),0)) -> 1 | J46: =IF($H46="","",IFERROR(COUNTIFS(GANTT!$C$7:$C$200,"<="&$H46,GANTT!$E$7:$E$200,"Done",GANTT!$A$7:$A$200,"<>")/MAX(1,COUNTIFS(GANTT!$E$7:$E$200,"<>Optional",GANTT!$A$7:$A$200,"<>")),0)) -> 0.041666667

Sheet GANTT
A1: GANTT • ENGINEERING PLAN (WEEKDAYS ONLY)
A2: Update Start/End dates and Status. Bars, progress and dashboard update automatically.
A3: Engineering progress | B3: =IFERROR(AVERAGEIFS($F$7:$F$200,$A$7:$A$200,"<>",$E$7:$E$200,"<>Optional"),0) -> 0.041666667 | E3: (link) | F3: =B3 -> 0.041666667 | I3: Status | J3: Count
I4: Not Started | J4: =COUNTIF($E$7:$E$200,"Not Started") -> 23
A5: Timeline (weekdays) | H5: Mon | I5: In Progress | J5: =COUNTIF($E$7:$E$200,"In Progress") -> 0 | K5: Thu | L5: Fri | M5: Mon | N5: Tue | O5: Wed | P5: Thu | Q5: Fri | R5: Mon | S5: Tue | T5: Wed | U5: Thu | V5: Fri | W5: Mon | X5: Tue | Y5: Wed | Z5: Thu | AA5: Fri | AB5: Mon | AC5: Tue | AD5: Wed | AE5: Thu | AF5: Fri
A6: Task | B6: Start | C6: End | D6: Duration (wd) | E6: Status | F6: % Complete | G6: Notes / Evidence | H6: 46041 | I6: Done | J6: =COUNTIF($E$7:$E$200,"Done") -> 1 | K6: 46044 | L6: 46045 | M6: 46048 | N6: 46049 | O6: 46050 | P6: 46051 | Q6: 46052 | R6: 46055 | S6: 46056 | T6: 46057 | U6: 46058 | V6: 46059 | W6: 46062 | X6: 46063 | Y6: 46064 | Z6: 46065 | AA6: 46066 | AB6: 46069 | AC6: 46070 | AD6: 46071 | AE6: 46072 | AF6: 46073
A7: Project setup + folder structure | B7: 46041 | C7: 46041 | D7: =IF(OR($B7="",$C7=""),"",NETWORKDAYS($B7,$C7)) -> 1 | E7: Done | F7: =IF($E7="",0,VLOOKUP($E7,_Lists!$A$2:$B$6,2,FALSE)/100) -> 1 | H7: =IF(AND(H$6>=$B7,H$6<=$C7),1,"") -> 1 | I7: Blocked | J7: =COUNTIF($E$7:$E$200,"Blocked") -> 0 | K7: =IF(AND(K$6>=$B7,K$6<=$C7),1,"") | L7: =IF(AND(L$6>=$B7,L$6<=$C7),1,"") | M7: =IF(AND(M$6>=$B7,M$6<=$C7),1,"") | N7: =IF(AND(N$6>=$B7,N$6<=$C7),1,"") | O7: =IF(AND(O$6>=$B7,O$6<=$C7),1,"") | P7: =IF(AND(P$6>=$B7,P$6<=$C7),1,"") | Q7: =IF(AND(Q$6>=$B7,Q$6<=$C7),1,"") | R7: =IF(AND(R$6>=$B7,R$6<=$C7),1,"") | ... AF7: =IF(AND(AF$6>=$B7,AF$6<=$C7),1,"")
A8: Read brief + report template + rubric | B8: 46041 | C8: 46042 | D8: =IF(OR($B8="",$C8=""),"",NETWORKDAYS($B8,$C8)) -> 2 | E8: Not Started | F8: =IF($E8="",0,VLOOKUP($E8,_Lists!$A$2:$B$6,2,FALSE)/100) -> 0 | H8: =IF(AND(H$6>=$B8,H$6<=$C8),1,"") -> 1 | I8: Optional | J8: =COUNTIF($E$7:$E$200,"Optional") -> 1 | K8: =IF(AND(K$6>=$B8,K$6<=$C8),1,"") | L8: =IF(AND(L$6>=$B8,L$6<=$C8),1,"") | M8: =IF(AND(M$6>=$B8,M$6<=$C8),1,"") | N8: =IF(AND(N$6>=$B8,N$6<=$C8),1,"") | O8: =IF(AND(O$6>=$B8,O$6<=$C8),1,"") | P8: =IF(AND(P$6>=$B8,P$6<=$C8),1,"") | Q8: =IF(AND(Q$6>=$B8,Q$6<=$C8),1,"") | R8: =IF(AND(R$6>=$B8,R$6<=$C8),1,"") | ... AF8: =IF(AND(AF$6>=$B8,AF$6<=$C8),1,"")
A9: Mobile phone characterisation (440 Hz Vpp vs volume) | B9: 46042 | C9: 46043 | D9: =IF(OR($B9="",$C9=""),"",NETWORKDAYS($B9,$C9)) -> 2 | E9: Not Started | F9: =IF($E9="",0,VLOOKUP($E9,_Lists!$A$2:$B$6,2,FALSE)/100) -> 0 | H9: =IF(AND(H$6>=$B9,H$6<=$C9),1,"") | I9: =IF(AND(I$6>=$B9,I$6<=$C9),1,"") | J9: =IF(AND(J$6>=$B9,J$6<=$C9),1,"") | K9: =IF(AND(K$6>=$B9,K$6<=$C9),1,"") | L9: =IF(AND(L$6>=$B9,L$6<=$C9),1,"") | M9: =IF(AND(M$6>=$B9,M$6<=$C9),1,"") | N9: =IF(AND(N$6>=$B9,N$6<=$C9),1,"") | O9: =IF(AND(O$6>=$B9,O$6<=$C9),1,"") | ... AF9: =IF(AND(AF$6>=$B9,AF$6<=$C9),1,"")
A10: Design calculations (gain + cut-offs + parts rounding) | B10: 46043 | C10: 46044 | D10: =IF(OR($B10="",$C10=""),"",NETWORKDAYS($B10,$C10)) -> 2 | E10: Not Started | F10: =IF($E10="",0,VLOOKUP($E10,_Lists!$A$2:$B$6,2,FALSE)/100) -> 0 | H10: =IF(AND(H$6>=$B10,H$6<=$C10),1,"") | I10: =IF(AND(I$6>=$B10,I$6<=$C10),1,"") | J10: =IF(AND(J$6>=$B10,J$6<=$C10),1,"") | K10: =IF(AND(K$6>=$B10,K$6<=$C10),1,"") -> 1 | L10: =IF(AND(L$6>=$B10,L$6<=$C10),1,"") | M10: =IF(AND(M$6>=$B10,M$6<=$C10),1,"") | N10: =IF(AND(N$6>=$B10,N$6<=$C10),1,"") | O10: =IF(AND(O$6>=$B10,O$6<=$C10),1,"") | ... AF10: =IF(AND(AF$6>=$B10,AF$6<=$C10),1,"")
A11: Stage 1 Proteus simulation (AC sweep + transient) | B11: 46044 | C11: 46045 | D11: =IF(OR($B11="",$C11=""),"",NETWORKDAYS($B11,$C11)) -> 2 | E11: Not Started | F11: =IF($E11="",0,VLOOKUP($E11,_Lists!$A$2:$B$6,2,FALSE)/100) -> 0 | H11: =IF(AND(H$6>=$B11,H$6<=$C11),1,"") | I11: =IF(AND(I$6>=$B11,I$6<=$C11),1,"") | J11: =IF(AND(J$6>=$B11,J$6<=$C11),1,"") | K11: =IF(AND(K$6>=$B11,K$6<=$C11),1,"") -> 1 | L11: =IF(AND(L$6>=$B11,L$6<=$C11),1,"") -> 1 | M11: =IF(AND(M$6>=$B11,M$6<=$C11),1,"") | N11: =IF(AND(N$6>=$B11,N$6<=$C11),1,"") | O11: =IF(AND(O$6>=$B11,O$6<=$C11),1,"") | ... AF11: =IF(AND(AF$6>=$B11,AF$6<=$C11),1,"")
A12: Stage 2 power stage simulation (OPA551 load + limits) | B12: 46045 | C12: 46048 | D12: =IF(OR($B12="",$C12=""),"",NETWORKDAYS($B12,$C12)) -> 2 | E12: Not Started | F12: =IF($E12="",0,VLOOKUP($E12,_Lists!$A$2:$B$6,2,FALSE)/100) -> 0 | H12: =IF(AND(H$6>=$B12,H$6<=$C12),1,"") | I12: =IF(AND(I$6>=$B12,I$6<=$C12),1,"") | J12: =IF(AND(J$6>=$B12,J$6<=$C12),1,"") | K12: =IF(AND(K$6>=$B12,K$6<=$C12),1,"") | L12: =IF(AND(L$6>=$B12,L$6<=$C12),1,"") -> 1 | M12: =IF(AND(M$6>=$B12,M$6<=$C12),1,"") -> 1 | N12: =IF(AND(N$6>=$B12,N$6<=$C12),1,"") | O12: =IF(AND(O$6>=$B12,O$6<=$C12),1,"") | ... AF12: =IF(AND(AF$6>=$B12,AF$6<=$C12),1,"")
A13: Full schematic integration + sanity checks | B13: 46048 | C13: 46050 | D13: =IF(OR($B13="",$C13=""),"",NETWORKDAYS($B13,$C13)) -> 3 | E13: Not Started | F13: =IF($E13="",0,VLOOKUP($E13,_Lists!$A$2:$B$6,2,FALSE)/100) -> 0 | H13: =IF(AND(H$6>=$B13,H$6<=$C13),1,"") | I13: =IF(AND(I$6>=$B13,I$6<=$C13),1,"") | J13: =IF(AND(J$6>=$B13,J$6<=$C13),1,"") | K13: =IF(AND(K$6>=$B13,K$6<=$C13),1,"") | L13: =IF(AND(L$6>=$B13,L$6<=$C13),1,"") | M13: =IF(AND(M$6>=$B13,M$6<=$C13),1,"") -> 1 | N13: =IF(AND(N$6>=$B13,N$6<=$C13),1,"") -> 1 | O13: =IF(AND(O$6>=$B13,O$6<=$C13),1,"") -> 1 | ... AF13: =IF(AND(AF$6>=$B13,AF$6<=$C13),1,"")
A14: Schematic sign-off (final schematic check) | B14: 46051 | C14: 46052 | D14: =IF(OR($B14="",$C14=""),"",NETWORKDAYS($B14,$C14)) -> 2 | E14: Not Started | F14: =IF($E14="",0,VLOOKUP($E14,_Lists!$A$2:$B$6,2,FALSE)/100) -> 0 | H14: =IF(AND(H$6>=$B14,H$6<=$C14),1,"") | I14: =IF(AND(I$6>=$B14,I$6<=$C14),1,"") | J14: =IF(AND(J$6>=$B14,J$6<=$C14),1,"") | K14: =IF(AND(K$6>=$B14,K$6<=$C14),1,"") | L14: =IF(AND(L$6>=$B14,L$6<=$C14),1,"") | M14: =IF(AND(M$6>=$B14,M$6<=$C14),1,"") | N14: =IF(AND(N$6>=$B14,N$6<=$C14),1,"") | O14: =IF(AND(O$6>=$B14,O$6<=$C14),1,"") | ... AF14: =IF(AND(AF$6>=$B14,AF$6<=$C14),1,"")
A15: BOM finalised + ordering / picking parts | B15: 46051 | C15: 46055 | D15: =IF(OR($B15="",$C15=""),"",NETWORKDAYS($B15,$C15)) -> 3 | E15: Not Started | F15: =IF($E15="",0,VLOOKUP($E15,_Lists!$A$2:$B$6,2,FALSE)/100) -> 0 | H15: =IF(AND(H$6>=$B15,H$6<=$C15),1,"") | I15: =IF(AND(I$6>=$B15,I$6<=$C15),1,"") | J15: =IF(AND(J$6>=$B15,J$6<=$C15),1,"") | K15: =IF(AND(K$6>=$B15,K$6<=$C15),1,"") | L15: =IF(AND(L$6>=$B15,L$6<=$C15),1,"") | M15: =IF(AND(M$6>=$B15,M$6<=$C15),1,"") | N15: =IF(AND(N$6>=$B15,N$6<=$C15),1,"") | O15: =IF(AND(O$6>=$B15,O$6<=$C15),1,"") | ... AF15: =IF(AND(AF$6>=$B15,AF$6<=$C15),1,"")
A16: Breadboard build (filter stage) | B16: 46055 | C16: 46056 | D16: =IF(OR($B16="",$C16=""),"",NETWORKDAYS($B16,$C16)) -> 2 | E16: Not Started | F16: =IF($E16="",0,VLOOKUP($E16,_Lists!$A$2:$B$6,2,FALSE)/100) -> 0 | H16: =IF(AND(H$6>=$B16,H$6<=$C16),1,"") | I16: =IF(AND(I$6>=$B16,I$6<=$C16),1,"") | J16: =IF(AND(J$6>=$B16,J$6<=$C16),1,"") | K16: =IF(AND(K$6>=$B16,K$6<=$C16),1,"") | L16: =IF(AND(L$6>=$B16,L$6<=$C16),1,"") | M16: =IF(AND(M$6>=$B16,M$6<=$C16),1,"") | N16: =IF(AND(N$6>=$B16,N$6<=$C16),1,"") | O16: =IF(AND(O$6>=$B16,O$6<=$C16),1,"") | ... AF16: =IF(AND(AF$6>=$B16,AF$6<=$C16),1,"")
A17: Breadboard build (power stage + speaker) | B17: 46056 | C17: 46057 | D17: =IF(OR($B17="",$C17=""),"",NETWORKDAYS($B17,$C17)) -> 2 | E17: Not Started | F17: =IF($E17="",0,VLOOKUP($E17,_Lists!$A$2:$B$6,2,FALSE)/100) -> 0 | H17: =IF(AND(H$6>=$B17,H$6<=$C17),1,"") | I17: =IF(AND(I$6>=$B17,I$6<=$C17),1,"") | J17: =IF(AND(J$6>=$B17,J$6<=$C17),1,"") | K17: =IF(AND(K$6>=$B17,K$6<=$C17),1,"") | L17: =IF(AND(L$6>=$B17,L$6<=$C17),1,"") | M17: =IF(AND(M$6>=$B17,M$6<=$C17),1,"") | N17: =IF(AND(N$6>=$B17,N$6<=$C17),1,"") | O17: =IF(AND(O$6>=$B17,O$6<=$C17),1,"") | ... AF17: =IF(AND(AF$6>=$B17,AF$6<=$C17),1,"")
A18: Breadboard testing (gain + cut-offs + clipping) | B18: 46057 | C18: 46058 | D18: =IF(OR($B18="",$C18=""),"",NETWORKDAYS($B18,$C18)) -> 2 | E18: Not Started | F18: =IF($E18="",0,VLOOKUP($E18,_Lists!$A$2:$B$6,2,FALSE)/100) -> 0 | H18: =IF(AND(H$6>=$B18,H$6<=$C18),1,"") | I18: =IF(AND(I$6>=$B18,I$6<=$C18),1,"") | J18: =IF(AND(J$6>=$B18,J$6<=$C18),1,"") | K18: =IF(AND(K$6>=$B18,K$6<=$C18),1,"") | L18: =IF(AND(L$6>=$B18,L$6<=$C18),1,"") | M18: =IF(AND(M$6>=$B18,M$6<=$C18),1,"") | N18: =IF(AND(N$6>=$B18,N$6<=$C18),1,"") | O18: =IF(AND(O$6>=$B18,O$6<=$C18),1,"") | ... AF18: =IF(AND(AF$6>=$B18,AF$6<=$C18),1,"")
A19: PCB layout in Proteus (placement + routing) | B19: 46058 | C19: 46062 | D19: =IF(OR($B19="",$C19=""),"",NETWORKDAYS($B19,$C19)) -> 3 | E19: Not Started | F19: =IF($E19="",0,VLOOKUP($E19,_Lists!$A$2:$B$6,2,FALSE)/100) -> 0 | H19: =IF(AND(H$6>=$B19,H$6<=$C19),1,"") | I19: =IF(AND(I$6>=$B19,I$6<=$C19),1,"") | J19: =IF(AND(J$6>=$B19,J$6<=$C19),1,"") | K19: =IF(AND(K$6>=$B19,K$6<=$C19),1,"") | L19: =IF(AND(L$6>=$B19,L$6<=$C19),1,"") | M19: =IF(AND(M$6>=$B19,M$6<=$C19),1,"") | N19: =IF(AND(N$6>=$B19,N$6<=$C19),1,"") | O19: =IF(AND(O$6>=$B19,O$6<=$C19),1,"") | ... AF19: =IF(AND(AF$6>=$B19,AF$6<=$C19),1,"")
A20: PCB design review / DRC + final PCB check | B20: 46063 | C20: 46063 | D20: =IF(OR($B20="",$C20=""),"",NETWORKDAYS($B20,$C20)) -> 1 | E20: Not Started | F20: =IF($E20="",0,VLOOKUP($E20,_Lists!$A$2:$B$6,2,FALSE)/100) -> 0 | H20: =IF(AND(H$6>=$B20,H$6<=$C20),1,"") | I20: =IF(AND(I$6>=$B20,I$6<=$C20),1,"") | J20: =IF(AND(J$6>=$B20,J$6<=$C20),1,"") | K20: =IF(AND(K$6>=$B20,K$6<=$C20),1,"") | L20: =IF(AND(L$6>=$B20,L$6<=$C20),1,"") | M20: =IF(AND(M$6>=$B20,M$6<=$C20),1,"") | N20: =IF(AND(N$6>=$B20,N$6<=$C20),1,"") | O20: =IF(AND(O$6>=$B20,O$6<=$C20),1,"") | ... AF20: =IF(AND(AF$6>=$B20,AF$6<=$C20),1,"")
... A31: Optional: improve case aesthetics / label controls | B31: 46069 | C31: 46073 | D31: =IF(OR($B31="",$C31=""),"",NETWORKDAYS($B31,$C31)) -> 5 | E31: Optional | F31: =IF($E31="",0,VLOOKUP($E31,_Lists!$A$2:$B$6,2,FALSE)/100) -> 0 | H31: =IF(AND(H$6>=$B31,H$6<=$C31),1,"") | I31: =IF(AND(I$6>=$B31,I$6<=$C31),1,"") | J31: =IF(AND(J$6>=$B31,J$6<=$C31),1,"") | K31: =IF(AND(K$6>=$B31,K$6<=$C31),1,"") | L31: =IF(AND(L$6>=$B31,L$6<=$C31),1,"") | M31: =IF(AND(M$6>=$B31,M$6<=$C31),1,"") | N31: =IF(AND(N$6>=$B31,N$6<=$C31),1,"") | O31: =IF(AND(O$6>=$B31,O$6<=$C31),1,"") | ... AF31: =IF(AND(AF$6>=$B31,AF$6<=$C31),1,"") -> 1

Sheet BOM
A1: BILL OF MATERIALS (BOM)
A2: Track purchasing + university-provided parts. Status drives completion metrics and charts.
A3: Summary | K3: BOM Status | L3: Count
A4: Total line items | B4: =COUNTIF($A$7:$A$200,"<>")-COUNTIF($E$7:$E$200,"Optional") -> 13 | K4: To Get | L4: =COUNTIF($E$7:$E$200,"To Get") -> 6
A5: Received items | B5: =COUNTIF($E$7:$E$200,"Received") -> 5 | K5: To Buy | L5: =COUNTIF($E$7:$E$200,"To Buy") -> 1
A6: Component / Item | B6: Qty | C6: Provided by Uni? | D6: Priority | E6: Status | F6: Unit cost | G6: Total cost | H6: Supplier / Link | I6: Notes | K6: Ordered | L6: =COUNTIF($E$7:$E$200,"Ordered") -> 1
A7: TL071 op-amp (DIP-8) | B7: 1 | C7: Yes | D7: High | E7: Received | F7: 0 | G7: =IF(OR($B7="",$F7=""),"",$B7*$F7) -> 0 | K7: Received | L7: =COUNTIF($E$7:$E$200,"Received") -> 5
A8: OPA551 op-amp (DIP-8) | B8: 1 | C8: Yes | D8: High | E8: To Get | F8: 0 | G8: =IF(OR($B8="",$F8=""),"",$B8*$F8) -> 0 | K8: Optional | L8: =COUNTIF($E$7:$E$200,"Optional") -> 2
A9: 8 Ω speaker (enclosure preferred) | B9: 1 | C9: No | D9: High | E9: To Buy | F9: 5 | G9: =IF(OR($B9="",$F9=""),"",$B9*$F9) -> 5
A10: 3.5 mm stereo jack socket | B10: 1 | C10: Yes | D10: High | E10: To Get | F10: 0 | G10: =IF(OR($B10="",$F10=""),"",$B10*$F10) -> 0
A11: DC jack (12 V input) | B11: 1 | C11: Yes | D11: Medium | E11: To Get | F11: 0 | G11: =IF(OR($B11="",$F11=""),"",$B11*$F11) -> 0
A12: PP3 9 V battery clip (optional) | B12: 1 | C12: Yes | D12: Low | E12: Optional | F12: 0 | G12: =IF(OR($B12="",$F12=""),"",$B12*$F12) -> 0
A13: On/off switch | B13: 1 | C13: Yes | D13: High | E13: To Get | F13: 0 | G13: =IF(OR($B13="",$F13=""),"",$B13*$F13) -> 0
A14: Power LED (5 mm) + resistor | B14: 1 | C14: Yes | D14: Medium | E14: To Get | F14: 0 | G14: =IF(OR($B14="",$F14=""),"",$B14*$F14) -> 0
A15: Potentiometer (volume control) | B15: 1 | C15: Yes | D15: Medium | E15: To Get | F15: 0 | G15: =IF(OR($B15="",$F15=""),"",$B15*$F15) -> 0
A16: Assorted resistors (E24) pack | B16: 1 | C16: Yes | D16: Medium | E16: Received | F16: 0 | G16: =IF(OR($B16="",$F16=""),"",$B16*$F16) -> 0
A17: Assorted capacitors (ceramic/film/electrolytic) | B17: 1 | C17: Yes | D17: Medium | E17: Received | F17: 0 | G17: =IF(OR($B17="",$F17=""),"",$B17*$F17) -> 0
A18: Perfboard/breadboard + jumper wires | B18: 1 | C18: Yes | D18: Low | E18: Received | F18: 0 | G18: =IF(OR($B18="",$F18=""),"",$B18*$F18) -> 0 | K18: Cost | L18: £
A19: Base plate / mounting hardware | B19: 1 | C19: Yes | D19: Medium | E19: Received | F19: 0 | G19: =IF(OR($B19="",$F19=""),"",$B19*$F19) -> 0 | K19: Received | L19: =B8 -> 1
A20: Enclosure / case materials | B20: 1 | C20: No | D20: Low | E20: Optional | F20: 3 | G20: =IF(OR($B20="",$F20=""),"",$B20*$F20) -> 3 | K20: Outstanding | L20: =B9 -> 1
A21: PCB fabrication (if charged) | B21: 1 | C21: No | D21: High | E21: Ordered | F21: 0 | G21: =IF(OR($B21="",$F21=""),"",$B21*$F21) -> 0

Sheet REPORT BREAKDOWN
A1: REPORT BREAKDOWN • WRITING PROGRESS
A2: Tick off report sections as you write. Status and % complete drive the dashboard.
A3: Overall report completion | B3: =IFERROR(SUMPRODUCT($H$7:$H$200,$F$7:$F$200)/SUMIF($A$7:$A$200,"<>",$H$7:$H$200),0) -> 0 | H3: =B3 -> 0
A6: Section | B6: Brief requirement | C6: Where covered (page/fig/table) | D6: Status | E6: Manual % (optional) | F6: % Complete (auto) | G6: Notes | H6: Weight (marks) | J6: Completion by section
A7: Introduction | B7: Title, abstract (~50–80 words), introduction (2–3 paragraphs). | C7: Sec 1 | D7: Not Started | F7: =IF(ISNUMBER($E7),$E7/100,IFERROR(VLOOKUP($D7,_Lists!$A$2:$B$6,2,FALSE)/100,0)) -> 0 | H7: 0.1
A8: Technical Background | B8: Theory: bandpass filter, TL071 features, OPA551 features, key equations, references. | C8: Sec 2 | D8: Not Started | F8: =IF(ISNUMBER($E8),$E8/100,IFERROR(VLOOKUP($D8,_Lists!$A$2:$B$6,2,FALSE)/100,0)) -> 0 | H8: 0.25
A9: Design Description | B9: Specs table, block diagram, detailed circuit design + calculations, component choices. | C9: Sec 3 | D9: Not Started | F9: =IF(ISNUMBER($E9),$E9/100,IFERROR(VLOOKUP($D9,_Lists!$A$2:$B$6,2,FALSE)/100,0)) -> 0 | H9: 0.2
A10: PCB Design | B10: PCB layout screenshots, rules/placement/routing, 3D view, connectors & dimensions. | C10: Sec 4 | D10: Not Started | F10: =IF(ISNUMBER($E10),$E10/100,IFERROR(VLOOKUP($D10,_Lists!$A$2:$B$6,2,FALSE)/100,0)) -> 0 | H10: 0.1
A11: Results | B11: Measured + simulated plots on same graph, test method, evaluation, assembly evidence. | C11: Sec 5 | D11: Not Started | F11: =IF(ISNUMBER($E11),$E11/100,IFERROR(VLOOKUP($D11,_Lists!$A$2:$B$6,2,FALSE)/100,0)) -> 0 | H11: 0.25
A12: References | B12: Consistent IEEE references, cited in text, range of sources. | C12: Sec 6 | D12: Not Started | F12: =IF(ISNUMBER($E12),$E12/100,IFERROR(VLOOKUP($D12,_Lists!$A$2:$B$6,2,FALSE)/100,0)) -> 0 | H12: 0.08
A13: Appendices | B13: BOM + full schematic, additional screenshots/data. | C13: Appx | D13: Not Started | F13: =IF(ISNUMBER($E13),$E13/100,IFERROR(VLOOKUP($D13,_Lists!$A$2:$B$6,2,FALSE)/100,0)) -> 0 | H13: 0.02

Sheet DESIGN & NOTES
A1: DESIGN / NOTES
A2: Capture design assumptions, key decisions, and build/testing checkpoints.
A3: Key checkpoints | E3: Design assumptions / decisions (keep it short and dated)
A4: Simulation complete? | B4: Not Started | C4: AC sweep + transient verified | E4: • Target Vout, Vpp: • Measured Vin at 70% volume: • Chosen gain + resistor rounding: • Chosen cut-offs (fl, fu) + capacitor rounding: • Power supply choice (9V battery vs 12V DC): • Any constraints / issues:
A5: Schematic complete? | B5: Not Started | C5: All values + decoupling + connectors
A6: PCB complete? | B6: Not Started | C6: DRC clean + placement/routing done
A7: Build complete? | B7: Not Started | C7: Breadboard + PCB assembled
A8: Evidence checklist (helps the report)
A9: Photos: breadboard build | B9: Not Started
A10: Photos: PCB before solder | B10: Not Started
A11: Photos: PCB after solder | B11: Not Started
A12: Screenshots: Proteus frequency response | B12: Not Started
A13: Screenshots: Proteus transient (440 Hz) | B13: Not Started
A14: Screenshots: oscilloscope results | B14: Not Started
A15: Excel plots exported for report | B15: Not Started
A16: Quick links
A17: Go to DASHBOARD | B17: =HYPERLINK("#'DASHBOARD'!A1","Open DASHBOARD") -> Open DASHBOARD
A18: Go to GANTT | B18: =HYPERLINK("#'GANTT'!A1","Open GANTT") -> Open GANTT
A19: Go to BOM | B19: =HYPERLINK("#'BOM'!A1","Open BOM") -> Open BOM
A20: Go to REPORT BREAKDOWN | B20: =HYPERLINK("#'REPORT BREAKDOWN'!A1","Open REPORT BREAKDOWN") -> Open REPORT BREAKDOWN

Sheet _Lists
A1: Global Status | B1: Default % | C1: Color (ARGB) | E1: BOM Status | F1: Color (ARGB) | H1: Provided by Uni? | I1: Color (ARGB) | K1: Priority | L1: Color (ARGB) | N1: Default Weights | O1: Weight
A2: Not Started | B2: 0 | C2: FFE9ECEF | E2: To Get | F2: FFE9ECEF | H2: Yes | I2: FFE6FCF5 | K2: High | L2: FFFADBD8 | N2: Engineering | O2: 0.55
A3: In Progress | B3: 50 | C3: FFF1C40F | E3: To Buy | F3: FFFFE5D0 | H3: No | I3: FFE9ECEF | K3: Medium | L3: FFFFF3CD | N3: Report | O3: 0.35
A4: Done | B4: 100 | C4: FF27AE60 | E4: Ordered | F4: FFFFF3CD | K4: Low | L4: FFE9ECEF | N4: BOM | O4: 0.1
A5: Blocked | B5: 0 | C5: FFE74C3C | E5: Received | F5: FFE6FCF5
A6: Optional | B6: 0 | C6: FFD7BDE2 | E6: Optional | F6: FFD7BDE2
